{"dist_coeff_2": [[-0.3423199093981545, -0.2909787378348105, 0.004489529831396001, -0.004063111624161083, 0.8009580829384156]], "dist_coeff_1": [[-0.5790850366765018, 0.9124569548313021, -0.0005952692326712146, 0.01678992936678915, -1.4321625843548647]], "camera_matrix_1": [[522.7709608108111, 0.0, 333.2038473896477], [0.0, 528.6730026603332, 201.0099840420922], [0.0, 0.0, 1.0]], "camera_matrix_2": [[476.31427946735755, 0.0, 358.63414832523375], [0.0, 476.54033535166104, 211.10170011445862], [0.0, 0.0, 1.0]]}